{"cameraMode":{"drawMode":0,"name":"Shaded","section":"Shading Mode"},"sceneLighting":true,"audioPlay":false,"sceneViewState":{"m_AlwaysRefresh":false,"showFog":true,"showSkybox":true,"showFlares":true,"showImageEffects":true,"showParticleSystems":true,"showVisualEffectGraphs":true,"m_FxEnabled":true},"in2DMode":false,"pivot":{"x":1.2686201333999634,"y":2.8910820484161379,"z":0.12328170239925385},"rotation":{"x":0.46152567863464358,"y":0.23635390400886537,"z":-0.12908178567886353,"w":0.8452129364013672},"size":4.511135578155518,"orthographic":false}