{"cameraMode":{"drawMode":0,"name":"Shaded","section":"Shading Mode"},"sceneLighting":true,"audioPlay":false,"sceneViewState":{"m_AlwaysRefresh":false,"showFog":true,"showSkybox":true,"showFlares":true,"showImageEffects":true,"showParticleSystems":true,"showVisualEffectGraphs":true,"m_FxEnabled":true},"in2DMode":false,"pivot":{"x":0.7326440811157227,"y":0.9251229763031006,"z":0.08314132690429688},"rotation":{"x":-0.1880122423171997,"y":-0.3407079577445984,"z":0.0697377473115921,"w":-0.9185348153114319},"size":2.1395344734191896,"orthographic":false}