{"cameraMode":{"drawMode":0,"name":"Shaded","section":"Shading Mode"},"sceneLighting":true,"audioPlay":false,"sceneViewState":{"m_AlwaysRefresh":false,"showFog":true,"showSkybox":true,"showFlares":true,"showImageEffects":true,"showParticleSystems":true,"showVisualEffectGraphs":true,"m_FxEnabled":true},"in2DMode":false,"pivot":{"x":0.5049605369567871,"y":-0.019208863377571107,"z":-0.5048370361328125},"rotation":{"x":-0.5052490830421448,"y":0.04294544830918312,"z":-0.025186099112033845,"w":-0.861534833908081},"size":9.230307579040528,"orthographic":false}