{"cameraMode":{"drawMode":0,"name":"Shaded","section":"Shading Mode"},"sceneLighting":true,"audioPlay":false,"sceneViewState":{"m_AlwaysRefresh":false,"showFog":true,"showSkybox":true,"showFlares":true,"showImageEffects":true,"showParticleSystems":true,"showVisualEffectGraphs":true,"m_FxEnabled":true},"in2DMode":false,"pivot":{"x":8.982210159301758,"y":0.6550416946411133,"z":8.504158973693848},"rotation":{"x":-0.13166771829128266,"y":0.8668169975280762,"z":-0.36637812852859499,"w":-0.31149688363075259},"size":2.4224910736083986,"orthographic":false}