{"cameraMode":{"drawMode":0,"name":"Shaded","section":"Shading Mode"},"sceneLighting":true,"audioPlay":false,"sceneViewState":{"m_AlwaysRefresh":false,"showFog":true,"showSkybox":true,"showFlares":true,"showImageEffects":true,"showParticleSystems":true,"showVisualEffectGraphs":true,"m_FxEnabled":true},"in2DMode":false,"pivot":{"x":1.6712671518325806,"y":-2.6298184394836427,"z":3.485619068145752},"rotation":{"x":0.2688538730144501,"y":0.08478747308254242,"z":-0.02379990555346012,"w":0.9590981006622315},"size":4.714136600494385,"orthographic":false}