{"cameraMode":{"drawMode":0,"name":"Shaded","section":"Shading Mode"},"sceneLighting":false,"audioPlay":false,"sceneViewState":{"m_AlwaysRefresh":false,"showFog":true,"showSkybox":false,"showFlares":true,"showImageEffects":true,"showParticleSystems":true,"showVisualEffectGraphs":true,"m_FxEnabled":true},"in2DMode":false,"pivot":{"x":0.1940000057220459,"y":0.10649999976158142,"z":-0.17250001430511475},"rotation":{"x":-0.46000826358795168,"y":-0.08287099003791809,"z":0.04318778216838837,"w":-0.8829324841499329},"size":1.1409357786178589,"orthographic":false}